num_distr,mouse.time,mouse.clicked_name,,,,,,,,,,
5,1.5412092,['target'],,,,,,,,,,
5,1.4403661,['target'],,,,,,,,,,
5,1.8531435,['target'],,,,,,,,,,
5,1.4876064,['target'],,,,,,,,,,
5,1.7695808,['target'],,,,,,,,,,
5,2.2694899,[],,,,,,,,,,
5,1.6200379,['target'],,Mean RT of set size 5 =,,,,,1.661197494,,,
5,2.0067135,['target'],,Mean RT of set size 10 =,,,,,1.782436109,,,
5,2.005391,['target'],,,,,,,,,,
5,1.9698481,['target'],,,,,,,,,,
5,1.5887029,['target'],,,,,,,,,,
5,1.6586725,['target'],,Slope of line =,,,(y2-y1)/(x2-x1),,,x2=10,,
5,1.4349306,['target'],,,,,0.024247723,,,x1=5,,
5,1.64034,['target'],,,,,,,,y2 is the mean RT of set size 10,,
5,1.9358795,['target'],,,,,,,,y1 is the mean RT of set size 5,,
5,2.308231,['target'],,,,,,,,,,
5,1.7216447,['target'],,,,,,,,,,
5,2.1901301,['target'],,,,,,,,,,
5,1.8731234,['target'],,,,,,,,,,
5,1.3048464,['target'],,,,,,,,,,
5,1.6918676,['target'],,,,,,,,,,
5,1.8217844,['target'],,,,,,,,,,
5,1.7894991,['target'],,,,,,,,,,
5,1.4716033,['target'],,,,,,,,,,
5,1.786835,['target'],,,,,,,,,,
5,1.8726993,['target'],,,,,,,,,,
5,1.6887325,['target'],,,,,,,,,,
5,2.307473,['target'],,,,,,,,,,
5,2.3208273,['target'],,,,,,,,,,
5,1.7038308,['target'],,,,,,,,,,
5,1.7731671,['target'],,,,,,,,,,
5,1.6233358,['target'],,,,,,,,,,
5,1.5550963,['target'],,,,,,,,,,
5,2.0239743,['target'],,,,,,,,,,
5,1.3364863,['target'],,,,,,,,,,
5,1.4254408,[],,,,,,,,,,
5,1.6242818,['target'],,,,,,,,,,
5,2.4056372,['target'],,,,,,,,,,
5,2.3541825,['target'],,,,,,,,,,
5,1.6893868,['target'],,,,,,,,,,
5,1.6578616,['target'],,,,,,,,,,
5,1.6076551,['target'],,,,,,,,,,
5,1.2200955,[],,,,,,,,,,
5,1.556673,['target'],,,,,,,,,,
5,1.4728788,['target'],,,,,,,,,,
5,1.2212758,['target'],,,,,,,,,,
5,1.8074948,['target'],,,,,,,,,,
5,1.638043,['target'],,,,,,,,,,
5,1.6044164,['target'],,,,,,,,,,
5,1.107578,['target'],,,,,,,,,,
5,1.6675056,['target'],,,,,,,,,,
5,1.5544014,['target'],,,,,,,,,,
5,1.3580468,['target'],,,,,,,,,,
5,1.6236417,['target'],,,,,,,,,,
5,1.317528,['target'],,,,,,,,,,
5,1.7755405,['target'],,,,,,,,,,
5,1.4710282,['target'],,,,,,,,,,
5,1.6882633,['target'],,,,,,,,,,
5,1.2235176,['target'],,,,,,,,,,
5,2.3033576,['target'],,,,,,,,,,
5,1.488466,['target'],,,,,,,,,,
5,1.6211628,['target'],,,,,,,,,,
5,1.5728845,['target'],,,,,,,,,,
5,1.5742385,['target'],,,,,,,,,,
5,1.6555076,[],,,,,,,,,,
5,2.2058332,['target'],,,,,,,,,,
5,2.0721038,['target'],,,,,,,,,,
5,1.4213304,['target'],,,,,,,,,,
5,1.3576942,[],,,,,,,,,,
5,1.6560589,['target'],,,,,,,,,,
5,1.5873491,['target'],,,,,,,,,,
5,1.5401485,['target'],,,,,,,,,,
5,1.9218671,['target'],,,,,,,,,,
5,1.4229105,['target'],,,,,,,,,,
5,2.1048977,['target'],,,,,,,,,,
5,1.9555106,['target'],,,,,,,,,,
5,1.8411795,['target'],,,,,,,,,,
5,1.3381401,['target'],,,,,,,,,,
5,1.4543829,['target'],,,,,,,,,,
5,2.4189773,['target'],,,,,,,,,,
5,1.5887927,['target'],,,,,,,,,,
5,2.0566931,['target'],,,,,,,,,,
5,1.5547582,['target'],,,,,,,,,,
5,1.7403578,['target'],,,,,,,,,,
5,1.7537836,['target'],,,,,,,,,,
5,1.5582277,['target'],,,,,,,,,,
5,1.7414649,['target'],,,,,,,,,,
5,1.838706,['target'],,,,,,,,,,
5,1.8908838,['target'],,,,,,,,,,
5,1.4516077,['target'],,,,,,,,,,
5,1.6571394,['target'],,,,,,,,,,
5,1.8053216,['target'],,,,,,,,,,
5,1.8382582,['target'],,,,,,,,,,
5,1.7420442,['target'],,,,,,,,,,
5,2.4219289,['target'],,,,,,,,,,
5,1.9565448,['target'],,,,,,,,,,
5,1.6208192,['target'],,,,,,,,,,
5,1.8389511,['target'],,,,,,,,,,
5,1.6662212,['target'],,,,,,,,,,
5,1.5689834,['target'],,,,,,,,,,
5,1.2389923,['target'],,,,,,,,,,
5,2.0380115,['target'],,,,,,,,,,
5,1.5890593,['target'],,,,,,,,,,
5,1.5735302,['target'],,,,,,,,,,
5,1.3883739,['target'],,,,,,,,,,
5,1.5653945,['target'],,,,,,,,,,
5,1.5424276,['target'],,,,,,,,,,
5,1.5523466,['target'],,,,,,,,,,
5,2.295336,['target'],,,,,,,,,,
5,1.4507726,['target'],,,,,,,,,,
5,2.1187174,['target'],,,,,,,,,,
5,1.5578242,['target'],,,,,,,,,,
5,2.098311,['target'],,,,,,,,,,
5,1.7488436,['target'],,,,,,,,,,
5,1.6686174,['target'],,,,,,,,,,
5,1.2132456,['target'],,,,,,,,,,
5,1.4858019,['target'],,,,,,,,,,
5,1.8490141,['target'],,,,,,,,,,
5,1.7020466,['target'],,,,,,,,,,
5,1.7339871,['target'],,,,,,,,,,
5,1.3678777,['target'],,,,,,,,,,
5,1.8182631,['target'],,,,,,,,,,
5,1.8518138,['target'],,,,,,,,,,
5,2.5512943,['target'],,,,,,,,,,
5,1.5358939,['target'],,,,,,,,,,
5,1.7148033,['target'],,,,,,,,,,
5,1.1834106,['target'],,,,,,,,,,
5,1.4345762,['target'],,,,,,,,,,
5,1.8602083,['target'],,,,,,,,,,
5,1.6694724,['target'],,,,,,,,,,
5,1.4327617,['target'],,,,,,,,,,
5,1.8270213,['target'],,,,,,,,,,
5,1.8995103,['target'],,,,,,,,,,
5,1.6240101,['target'],,,,,,,,,,
5,1.9993329,['target'],,,,,,,,,,
5,1.3520898,['target'],,,,,,,,,,
5,1.8809285,['target'],,,,,,,,,,
5,1.5486354,['target'],,,,,,,,,,
5,1.7964831,['target'],,,,,,,,,,
5,1.6595325,['target'],,,,,,,,,,
5,1.5847136,['target'],,,,,,,,,,
5,1.7694702,['target'],,,,,,,,,,
5,1.4690646,['target'],,,,,,,,,,
5,1.5183466,['target'],,,,,,,,,,
5,2.4017087,['target'],,,,,,,,,,
5,2.2014267,['target'],,,,,,,,,,
5,2.1342007,['target'],,,,,,,,,,
5,1.7262858,['target'],,,,,,,,,,
5,1.9005174,['target'],,,,,,,,,,
5,1.9690709,['target'],,,,,,,,,,
5,1.9340193,['target'],,,,,,,,,,
5,1.8507596,['target'],,,,,,,,,,
5,1.8527268,['target'],,,,,,,,,,
5,1.6004616,['target'],,,,,,,,,,
5,1.9169659,['target'],,,,,,,,,,
5,1.5637653,['target'],,,,,,,,,,
5,1.5692879,['target'],,,,,,,,,,
5,1.7331322,['target'],,,,,,,,,,
5,2.1851896,['target'],,,,,,,,,,
5,1.8977149,['target'],,,,,,,,,,
5,1.7521737,['target'],,,,,,,,,,
5,1.7167062,['target'],,,,,,,,,,
5,1.4524737,['target'],,,,,,,,,,
5,2.918326,['target'],,,,,,,,,,
5,1.4183286,['target'],,,,,,,,,,
5,1.8356887,['target'],,,,,,,,,,
5,1.9679058,['target'],,,,,,,,,,
5,1.9186725,['target'],,,,,,,,,,
5,1.9003804,['target'],,,,,,,,,,
5,1.3809141,['target'],,,,,,,,,,
5,1.6182726,['target'],,,,,,,,,,
5,1.634988,['target'],,,,,,,,,,
5,2.01537,['target'],,,,,,,,,,
5,1.5506933,['target'],,,,,,,,,,
5,1.4840074,['target'],,,,,,,,,,
5,1.947748,['target'],,,,,,,,,,
5,1.3935695,['target'],,,,,,,,,,
5,1.6077147,['target'],,,,,,,,,,
5,1.5844942,['target'],,,,,,,,,,
5,1.8510036,['target'],,,,,,,,,,
5,1.3671854,['target'],,,,,,,,,,
5,1.7842242,['target'],,,,,,,,,,
5,1.2024951,['target'],,,,,,,,,,
5,1.502126,['target'],,,,,,,,,,
5,1.3987623,['target'],,,,,,,,,,
5,1.1839855,['target'],,,,,,,,,,
5,1.927842,['target'],,,,,,,,,,
5,1.6847999,['target'],,,,,,,,,,
5,2.3955919,['target'],,,,,,,,,,
5,1.8680648,['target'],,,,,,,,,,
5,2.3007766,['target'],,,,,,,,,,
5,1.984937,['target'],,,,,,,,,,
5,1.5511744,['target'],,,,,,,,,,
5,1.8176249,['target'],,,,,,,,,,
5,1.5484545,['target'],,,,,,,,,,
5,1.7105059,['target'],,,,,,,,,,
5,1.7760998,['target'],,,,,,,,,,
5,1.1674769,['target'],,,,,,,,,,
5,1.5132881,['target'],,,,,,,,,,
5,1.8178173,['target'],,,,,,,,,,
5,1.6684371,['target'],,,,,,,,,,
5,2.5510713,['target'],,,,,,,,,,
5,2.2170176,['target'],,,,,,,,,,
5,1.4350459,['target'],,,,,,,,,,
5,1.7838371,['target'],,,,,,,,,,
5,1.6014398,['target'],,,,,,,,,,
5,2.4963694,['target'],,,,,,,,,,
5,1.9488765,['target'],,,,,,,,,,
5,1.9613226,['target'],,,,,,,,,,
5,1.1334452,['target'],,,,,,,,,,
5,1.5376884,['target'],,,,,,,,,,
5,1.157308,['target'],,,,,,,,,,
5,1.8078753,['target'],,,,,,,,,,
5,1.689765,['target'],,,,,,,,,,
5,1.2082433,['target'],,,,,,,,,,
5,1.4280569,['target'],,,,,,,,,,
5,1.9919519,['target'],,,,,,,,,,
5,0.6258592,[],,,,,,,,,,
5,1.2579135,['target'],,,,,,,,,,
5,1.4484151,['target'],,,,,,,,,,
5,1.5916459,['target'],,,,,,,,,,
5,1.7514707,['target'],,,,,,,,,,
5,1.759403,['target'],,,,,,,,,,
5,1.602111,['target'],,,,,,,,,,
5,1.9428837,['target'],,,,,,,,,,
5,1.5253258,['target'],,,,,,,,,,
5,1.6516447,['target'],,,,,,,,,,
5,1.4737233,['target'],,,,,,,,,,
5,1.3245652,['target'],,,,,,,,,,
5,2.0494666,['target'],,,,,,,,,,
5,1.9715058,['target'],,,,,,,,,,
5,1.6244929,['target'],,,,,,,,,,
5,1.8295349,['target'],,,,,,,,,,
5,1.7920051,['target'],,,,,,,,,,
5,1.3172842,['target'],,,,,,,,,,
5,1.4747428,['target'],,,,,,,,,,
5,1.390482,['target'],,,,,,,,,,
5,1.685921,['target'],,,,,,,,,,
5,1.5047875,['target'],,,,,,,,,,
5,1.6891915,['target'],,,,,,,,,,
5,2.1908918,['target'],,,,,,,,,,
5,2.1749658,['target'],,,,,,,,,,
5,1.2731178,['target'],,,,,,,,,,
5,1.2394329,['target'],,,,,,,,,,
5,1.5554925,['target'],,,,,,,,,,
5,1.8351489,['target'],,,,,,,,,,
5,1.3583708,['target'],,,,,,,,,,
5,1.4098254,['target'],,,,,,,,,,
5,1.6893117,['target'],,,,,,,,,,
5,2.5264099,['target'],,,,,,,,,,
5,2.4527058,['target'],,,,,,,,,,
5,1.3270616,['target'],,,,,,,,,,
5,1.9336045,['target'],,,,,,,,,,
5,1.9717916,['target'],,,,,,,,,,
5,1.8305523,['target'],,,,,,,,,,
5,1.7071731,['target'],,,,,,,,,,
5,1.2728896,['target'],,,,,,,,,,
5,1.4096995,['target'],,,,,,,,,,
5,1.2201083,['target'],,,,,,,,,,
5,1.7212133,['target'],,,,,,,,,,
5,2.0832778,['target'],,,,,,,,,,
5,1.1674698,['target'],,,,,,,,,,
5,2.3142759,['target'],,,,,,,,,,
5,1.6176832,['target'],,,,,,,,,,
5,2.3274905,['target'],,,,,,,,,,
5,1.5507308,['target'],,,,,,,,,,
5,1.3503858,['target'],,,,,,,,,,
5,2.1412071,['target'],,,,,,,,,,
5,1.796289,['target'],,,,,,,,,,
5,1.6438888,['target'],,,,,,,,,,
5,1.4430002,['target'],,,,,,,,,,
5,1.9023096,['target'],,,,,,,,,,
5,1.3761724,['target'],,,,,,,,,,
5,1.3915195,['target'],,,,,,,,,,
5,2.3136722,['target'],,,,,,,,,,
5,2.2915573,['target'],,,,,,,,,,
5,1.5804477,['target'],,,,,,,,,,
5,1.8580457,['target'],,,,,,,,,,
5,1.3737799,['target'],,,,,,,,,,
5,1.7499698,['target'],,,,,,,,,,
5,2.4176613,['target'],,,,,,,,,,
5,1.237496,['target'],,,,,,,,,,
5,1.8038059,['target'],,,,,,,,,,
5,1.5874189,['target'],,,,,,,,,,
5,1.1920096,['target'],,,,,,,,,,
5,1.6212392,['target'],,,,,,,,,,
5,2.2798262,['target'],,,,,,,,,,
5,2.520467,['target'],,,,,,,,,,
5,1.3894554,['target'],,,,,,,,,,
5,1.6445875,['target'],,,,,,,,,,
5,2.081117,['target'],,,,,,,,,,
5,2.0635454,['target'],,,,,,,,,,
5,1.9627964,['target'],,,,,,,,,,
5,1.1253465,['target'],,,,,,,,,,
5,2.1728171,['target'],,,,,,,,,,
5,1.9401113,['target'],,,,,,,,,,
5,1.0377365,['target'],,,,,,,,,,
5,1.344455,['target'],,,,,,,,,,
5,1.4527487,['target'],,,,,,,,,,
5,1.7602682,['target'],,,,,,,,,,
5,1.5152359,['target'],,,,,,,,,,
5,1.2484137,['target'],,,,,,,,,,
5,1.8290801,['target'],,,,,,,,,,
5,1.3577759,['target'],,,,,,,,,,
5,1.8844588,['target'],,,,,,,,,,
5,1.2349399,['target'],,,,,,,,,,
5,1.867035,['target'],,,,,,,,,,
5,2.0918312,['target'],,,,,,,,,,
5,1.8405374,['target'],,,,,,,,,,
5,1.6400256,['target'],,,,,,,,,,
5,1.1738931,['target'],,,,,,,,,,
5,1.6427226,['target'],,,,,,,,,,
5,1.5576708,['target'],,,,,,,,,,
5,2.3299873,['target'],,,,,,,,,,
5,1.6570723,['target'],,,,,,,,,,
5,1.3249022,['target'],,,,,,,,,,
5,2.1814584,['target'],,,,,,,,,,
5,1.7561146,['target'],,,,,,,,,,
5,1.4191141,['target'],,,,,,,,,,
5,1.8194058,['target'],,,,,,,,,,
5,1.7588396,['target'],,,,,,,,,,
5,1.2626738,['target'],,,,,,,,,,
5,1.3820889,['target'],,,,,,,,,,
5,1.8478643,['target'],,,,,,,,,,
5,1.118376433,['target'],,,,,,,,,,
5,1.376053009,['target'],,,,,,,,,,
5,1.379167555,['target'],,,,,,,,,,
5,0.956600915,['target'],,,,,,,,,,
5,1.127579214,['target'],,,,,,,,,,
5,1.649060961,['target'],,,,,,,,,,
5,1.47238169,['target'],,,,,,,,,,
5,1.025578908,['target'],,,,,,,,,,
5,1.360166596,['target'],,,,,,,,,,
5,1.258588748,['target'],,,,,,,,,,
5,1.455411736,['target'],,,,,,,,,,
5,1.336006811,['target'],,,,,,,,,,
5,0.852005948,['target'],,,,,,,,,,
5,1.271574563,['target'],,,,,,,,,,
5,1.147966727,['target'],,,,,,,,,,
5,1.125861303,['target'],,,,,,,,,,
5,1.708344603,['target'],,,,,,,,,,
5,1.518066803,['target'],,,,,,,,,,
5,1.478275023,['target'],,,,,,,,,,
5,2.517025239,[],,,,,,,,,,
5,1.378336808,['target'],,,,,,,,,,
5,1.106545354,['target'],,,,,,,,,,
5,1.640465708,['target'],,,,,,,,,,
5,1.366127248,['target'],,,,,,,,,,
5,1.170004059,['target'],,,,,,,,,,
5,1.757107437,['target'],,,,,,,,,,
5,0.897979869,['target'],,,,,,,,,,
5,1.121255967,['target'],,,,,,,,,,
5,1.260196987,['target'],,,,,,,,,,
5,2.21730473,['target'],,,,,,,,,,
5,1.510444342,['target'],,,,,,,,,,
5,1.104014312,['target'],,,,,,,,,,
5,1.695703175,['target'],,,,,,,,,,
5,1.705542537,['target'],,,,,,,,,,
5,1.143687972,['target'],,,,,,,,,,
5,1.573405786,['target'],,,,,,,,,,
5,1.331098007,['target'],,,,,,,,,,
5,1.739796165,['target'],,,,,,,,,,
5,1.179164848,['target'],,,,,,,,,,
5,1.199696406,['target'],,,,,,,,,,
5,1.454937706,['target'],,,,,,,,,,
5,1.04679779,['target'],,,,,,,,,,
5,1.515313892,['target'],,,,,,,,,,
5,1.168952718,['target'],,,,,,,,,,
5,1.985497004,['target'],,,,,,,,,,
5,1.999124863,['target'],,,,,,,,,,
5,1.464863415,['target'],,,,,,,,,,
5,1.246686445,['target'],,,,,,,,,,
5,1.968625263,['target'],,,,,,,,,,
5,1.745836328,['target'],,,,,,,,,,
5,1.039825958,['target'],,,,,,,,,,
5,1.073963282,[],,,,,,,,,,
5,1.627594438,['target'],,,,,,,,,,
5,2.080123419,['target'],,,,,,,,,,
5,1.864630658,['target'],,,,,,,,,,
5,1.938597751,['target'],,,,,,,,,,
5,1.249730594,['target'],,,,,,,,,,
5,1.431302982,['target'],,,,,,,,,,
5,1.544955171,['target'],,,,,,,,,,
5,1.912143489,['target'],,,,,,,,,,
5,1.319545243,['target'],,,,,,,,,,
5,1.086787648,['target'],,,,,,,,,,
5,1.517857603,['target'],,,,,,,,,,
5,1.116626888,['target'],,,,,,,,,,
5,1.852471454,['target'],,,,,,,,,,
5,1.48909804,['target'],,,,,,,,,,
5,1.583146683,[],,,,,,,,,,
5,0.896372178,['target'],,,,,,,,,,
5,1.658941997,['target'],,,,,,,,,,
5,1.930031473,['target'],,,,,,,,,,
5,1.152304806,['target'],,,,,,,,,,
5,2.007593617,['target'],,,,,,,,,,
5,1.199069366,['target'],,,,,,,,,,
5,3.062365906,['target'],,,,,,,,,,
5,1.313800595,['target'],,,,,,,,,,
5,1.179424204,['target'],,,,,,,,,,
5,1.896513022,['target'],,,,,,,,,,
5,1.301995853,['target'],,,,,,,,,,
5,1.540719651,['target'],,,,,,,,,,
5,1.025279537,['target'],,,,,,,,,,
5,1.327573872,['target'],,,,,,,,,,
5,1.542857555,['target'],,,,,,,,,,
5,1.181920185,['target'],,,,,,,,,,
5,1.255643886,['target'],,,,,,,,,,
5,2.209796409,['target'],,,,,,,,,,
5,1.830024639,['target'],,,,,,,,,,
5,3.184035468,['target'],,,,,,,,,,
5,0.942286569,['target'],,,,,,,,,,
5,1.536171219,['target'],,,,,,,,,,
5,1.054380635,['target'],,,,,,,,,,
5,1.527547052,['target'],,,,,,,,,,
5,1.080598508,['target'],,,,,,,,,,
5,0.973691879,['target'],,,,,,,,,,
5,1.286308074,['target'],,,,,,,,,,
5,1.123498134,['target'],,,,,,,,,,
5,1.551210105,['target'],,,,,,,,,,
5,2.015692313,['target'],,,,,,,,,,
5,1.74519321,['target'],,,,,,,,,,
5,1.952941,['target'],,,,,,,,,,
5,1.5880186,['target'],,,,,,,,,,
5,1.6373635,['target'],,,,,,,,,,
5,1.5677368,['target'],,,,,,,,,,
5,1.4690342,['target'],,,,,,,,,,
5,1.5027547,['target'],,,,,,,,,,
5,1.7708094,['target'],,,,,,,,,,
5,1.7857035,['target'],,,,,,,,,,
5,2.1842273,['target'],,,,,,,,,,
5,1.7207855,['target'],,,,,,,,,,
5,1.2501784,['target'],,,,,,,,,,
5,1.0857983,['target'],,,,,,,,,,
5,1.6500725,['target'],,,,,,,,,,
5,3.1014508,['target'],,,,,,,,,,
5,1.171007,['target'],,,,,,,,,,
5,1.6193085,['target'],,,,,,,,,,
5,1.501915,['target'],,,,,,,,,,
5,1.4677971,['target'],,,,,,,,,,
5,1.7169052,['target'],,,,,,,,,,
5,1.8196457,['target'],,,,,,,,,,
5,1.7525839,['target'],,,,,,,,,,
5,1.5373914,['target'],,,,,,,,,,
5,1.4369426,['target'],,,,,,,,,,
5,1.2359342,['target'],,,,,,,,,,
5,2.0375081,['target'],,,,,,,,,,
5,1.753861,['target'],,,,,,,,,,
5,1.6691156,['target'],,,,,,,,,,
5,1.969272,['target'],,,,,,,,,,
5,1.370563,['target'],,,,,,,,,,
5,1.9529271,['target'],,,,,,,,,,
5,2.1345791,['target'],,,,,,,,,,
5,1.3043166,['target'],,,,,,,,,,
5,1.3874924,['target'],,,,,,,,,,
5,1.6827338,['target'],,,,,,,,,,
5,1.6856112,['target'],,,,,,,,,,
5,2.0362452,['target'],,,,,,,,,,
5,1.4369843,['target'],,,,,,,,,,
5,2.2529822,['target'],,,,,,,,,,
5,1.2673542,['target'],,,,,,,,,,
5,1.8701609,['target'],,,,,,,,,,
5,1.4024864,['target'],,,,,,,,,,
5,1.7323109,['target'],,,,,,,,,,
5,1.6026619,['target'],,,,,,,,,,
5,1.5197194,['target'],,,,,,,,,,
5,1.5709255,['target'],,,,,,,,,,
5,1.3860445,['target'],,,,,,,,,,
5,1.7364569,['target'],,,,,,,,,,
5,1.26961,['target'],,,,,,,,,,
5,2.0359642,['target'],,,,,,,,,,
5,1.3198718,['target'],,,,,,,,,,
5,1.3691862,['target'],,,,,,,,,,
5,1.768364,['target'],,,,,,,,,,
5,1.5852824,['target'],,,,,,,,,,
5,1.7868714,['target'],,,,,,,,,,
5,2.2367769,['target'],,,,,,,,,,
5,1.6352914,['target'],,,,,,,,,,
5,1.5035409,['target'],,,,,,,,,,
5,1.5677304,['target'],,,,,,,,,,
5,2.0361503,['target'],,,,,,,,,,
5,1.6484571,['target'],,,,,,,,,,
5,1.8197984,['target'],,,,,,,,,,
5,1.3531527,['target'],,,,,,,,,,
5,1.9876876,['target'],,,,,,,,,,
5,1.5701221,['target'],,,,,,,,,,
5,1.6373183,['target'],,,,,,,,,,
5,1.5540772,[],,,,,,,,,,
5,1.3538129,['target'],,,,,,,,,,
5,1.6187176,['target'],,,,,,,,,,
5,1.5035938,['target'],,,,,,,,,,
5,1.4869823,['target'],,,,,,,,,,
5,1.9383913,['target'],,,,,,,,,,
5,1.4209218,['target'],,,,,,,,,,
5,1.9030441,['target'],,,,,,,,,,
5,1.6532896,['target'],,,,,,,,,,
5,1.7529927,['target'],,,,,,,,,,
5,1.3208085,['target'],,,,,,,,,,
5,2.7022787,['target'],,,,,,,,,,
5,1.4711621,['target'],,,,,,,,,,
5,1.9858276,['target'],,,,,,,,,,
5,2.1198893,['target'],,,,,,,,,,
5,1.6370996,['target'],,,,,,,,,,
5,2.1177691,['target'],,,,,,,,,,
5,1.3175794,['target'],,,,,,,,,,
5,2.2825334,['target'],,,,,,,,,,
5,1.5854226,['target'],,,,,,,,,,
5,1.5838234,['target'],,,,,,,,,,
5,1.8365308,['target'],,,,,,,,,,
5,1.4668571,['target'],,,,,,,,,,
5,1.1550618,['target'],,,,,,,,,,
5,1.6363946,['target'],,,,,,,,,,
5,1.6348434,['target'],,,,,,,,,,
5,1.5367256,['target'],,,,,,,,,,
5,1.1534188,['target'],,,,,,,,,,
5,1.9203125,['target'],,,,,,,,,,
5,2.2375012,['target'],,,,,,,,,,
5,1.4199499,['target'],,,,,,,,,,
5,1.4528929,['target'],,,,,,,,,,
5,1.9206381,['target'],,,,,,,,,,
5,1.3041504,['target'],,,,,,,,,,
5,2.1372081,['target'],,,,,,,,,,
5,1.9203994,['target'],,,,,,,,,,
5,2.0853517,['target'],,,,,,,,,,
5,1.5678835,['target'],,,,,,,,,,
5,2.1359586,['target'],,,,,,,,,,
10,1.5014388,['target'],,,,,,,,,,
10,2.0307606,['target'],,,,,,,,,,
10,1.5498052,['target'],,,,,,,,,,
10,1.9162264,['target'],,,,,,,,,,
10,1.5684704,['target'],,,,,,,,,,
10,1.5498913,['target'],,,,,,,,,,
10,1.7688984,['target'],,,,,,,,,,
10,1.6672477,['target'],,,,,,,,,,
10,1.6504604,['target'],,,,,,,,,,
10,1.8509906,['target'],,,,,,,,,,
10,1.7674197,['target'],,,,,,,,,,
10,1.7329803,['target'],,,,,,,,,,
10,1.6661978,['target'],,,,,,,,,,
10,2.3041398,['target'],,,,,,,,,,
10,1.4987957,['target'],,,,,,,,,,
10,1.9520409,['target'],,,,,,,,,,
10,1.5326218,['target'],,,,,,,,,,
10,1.6523306,['target'],,,,,,,,,,
10,1.9321477,['target'],,,,,,,,,,
10,1.7990295,['target'],,,,,,,,,,
10,1.599775,[],,,,,,,,,,
10,2.3334694,['target'],,,,,,,,,,
10,1.8206378,['target'],,,,,,,,,,
10,1.7642855,['target'],,,,,,,,,,
10,1.9692643,['target'],,,,,,,,,,
10,1.4832169,['target'],,,,,,,,,,
10,1.9488814,['target'],,,,,,,,,,
10,1.8193576,['target'],,,,,,,,,,
10,1.1354847,['target'],,,,,,,,,,
10,1.5520079,['target'],,,,,,,,,,
10,1.6983682,['target'],,,,,,,,,,
10,1.8347643,['target'],,,,,,,,,,
10,1.8490239,['target'],,,,,,,,,,
10,3.0364011,['target'],,,,,,,,,,
10,2.1661436,['target'],,,,,,,,,,
10,2.2191424,['target'],,,,,,,,,,
10,1.6502829,['target'],,,,,,,,,,
10,1.7336695,['target'],,,,,,,,,,
10,1.4009422,['target'],,,,,,,,,,
10,1.4025498,['target'],,,,,,,,,,
10,1.5825686,['target'],,,,,,,,,,
10,1.3842452,['target'],,,,,,,,,,
10,1.7987285,['target'],,,,,,,,,,
10,1.6360172,['target'],,,,,,,,,,
10,1.5165752,['target'],,,,,,,,,,
10,1.5681753,['target'],,,,,,,,,,
10,1.6023884,['target'],,,,,,,,,,
10,1.4491716,['target'],,,,,,,,,,
10,2.1146851,['target'],,,,,,,,,,
10,1.8004488,['target'],,,,,,,,,,
10,2.6052745,[],,,,,,,,,,
10,3.2350652,['target'],,,,,,,,,,
10,1.566883,['target'],,,,,,,,,,
10,2.7325502,['target'],,,,,,,,,,
10,1.4166468,['target'],,,,,,,,,,
10,1.8354504,['target'],,,,,,,,,,
10,2.3174353,['target'],,,,,,,,,,
10,1.7351309,['target'],,,,,,,,,,
10,1.6655566,['target'],,,,,,,,,,
10,2.4692491,['target'],,,,,,,,,,
10,2.3489488,['target'],,,,,,,,,,
10,1.7994167,['target'],,,,,,,,,,
10,1.552169,['target'],,,,,,,,,,
10,1.5325799,['target'],,,,,,,,,,
10,1.8660208,['target'],,,,,,,,,,
10,1.6823861,['target'],,,,,,,,,,
10,1.6179124,['target'],,,,,,,,,,
10,1.8160992,['target'],,,,,,,,,,
10,1.3664961,['target'],,,,,,,,,,
10,1.2991592,['target'],,,,,,,,,,
10,2.3016351,['target'],,,,,,,,,,
10,1.4853749,['target'],,,,,,,,,,
10,1.432563,['target'],,,,,,,,,,
10,1.333001,['target'],,,,,,,,,,
10,1.667886,['target'],,,,,,,,,,
10,1.4827337,['target'],,,,,,,,,,
10,1.8664374,['target'],,,,,,,,,,
10,1.6504619,['target'],,,,,,,,,,
10,1.9823561,['target'],,,,,,,,,,
10,1.6817609,['target'],,,,,,,,,,
10,1.615399,['target'],,,,,,,,,,
10,1.6866661,['target'],,,,,,,,,,
10,1.5186596,['target'],,,,,,,,,,
10,1.2333987,['target'],,,,,,,,,,
10,1.551603,['target'],,,,,,,,,,
10,1.4317978,['target'],,,,,,,,,,
10,1.6161159,['target'],,,,,,,,,,
10,1.732889,['target'],,,,,,,,,,
10,1.7354916,['target'],,,,,,,,,,
10,1.6149637,['target'],,,,,,,,,,
10,1.5865814,['target'],,,,,,,,,,
10,1.302814,['target'],,,,,,,,,,
10,1.5674588,['target'],,,,,,,,,,
10,1.4336847,['target'],,,,,,,,,,
10,1.7505646,['target'],,,,,,,,,,
10,1.8220474,['target'],,,,,,,,,,
10,1.6194382,['target'],,,,,,,,,,
10,2.1752465,['target'],,,,,,,,,,
10,1.3113104,['target'],,,,,,,,,,
10,2.0237121,['target'],,,,,,,,,,
10,1.4200375,['target'],,,,,,,,,,
10,1.7899508,['target'],,,,,,,,,,
10,1.915675,['target'],,,,,,,,,,
10,1.6145459,['target'],,,,,,,,,,
10,1.7070984,['target'],,,,,,,,,,
10,1.5401436,['target'],,,,,,,,,,
10,2.524868,['target'],,,,,,,,,,
10,1.9911046,['target'],,,,,,,,,,
10,1.924751,['target'],,,,,,,,,,
10,1.9584007,['target'],,,,,,,,,,
10,1.4588039,['target'],,,,,,,,,,
10,1.4711684,['target'],,,,,,,,,,
10,2.0914139,['target'],,,,,,,,,,
10,2.4744173,['target'],,,,,,,,,,
10,1.4317409,['target'],,,,,,,,,,
10,2.3187485,['target'],,,,,,,,,,
10,2.0664072,['target'],,,,,,,,,,
10,2.0954095,['target'],,,,,,,,,,
10,1.8038814,['target'],,,,,,,,,,
10,1.8074688,['target'],,,,,,,,,,
10,2.3738494,['target'],,,,,,,,,,
10,2.0083926,['target'],,,,,,,,,,
10,2.3242622,['target'],,,,,,,,,,
10,1.6253076,['target'],,,,,,,,,,
10,1.3318036,['target'],,,,,,,,,,
10,2.0903818,['target'],,,,,,,,,,
10,1.667805,['target'],,,,,,,,,,
10,1.5576535,['target'],,,,,,,,,,
10,2.2584749,['target'],,,,,,,,,,
10,2.0400673,['target'],,,,,,,,,,
10,2.1901678,['target'],,,,,,,,,,
10,2.0197403,['target'],,,,,,,,,,
10,2.8427056,['target'],,,,,,,,,,
10,2.4357126,['target'],,,,,,,,,,
10,1.8248242,['target'],,,,,,,,,,
10,3.9292458,['target'],,,,,,,,,,
10,1.7923553,['target'],,,,,,,,,,
10,2.0085878,['target'],,,,,,,,,,
10,1.6293757,['target'],,,,,,,,,,
10,1.5367661,['target'],,,,,,,,,,
10,1.451977,['target'],,,,,,,,,,
10,1.8577957,['target'],,,,,,,,,,
10,2.2913649,['target'],,,,,,,,,,
10,1.7753711,['target'],,,,,,,,,,
10,1.5749375,['target'],,,,,,,,,,
10,2.3086632,['target'],,,,,,,,,,
10,1.6080253,['target'],,,,,,,,,,
10,1.4723528,['target'],,,,,,,,,,
10,1.8741604,['target'],,,,,,,,,,
10,1.505895,['target'],,,,,,,,,,
10,1.9262109,['target'],,,,,,,,,,
10,1.7750416,['target'],,,,,,,,,,
10,1.2914568,['target'],,,,,,,,,,
10,1.8727402,['target'],,,,,,,,,,
10,1.6751278,['target'],,,,,,,,,,
10,1.4417173,['target'],,,,,,,,,,
10,1.141838,['target'],,,,,,,,,,
10,1.9076648,['target'],,,,,,,,,,
10,1.8750976,['target'],,,,,,,,,,
10,1.7746389,['target'],,,,,,,,,,
10,1.690547,['target'],,,,,,,,,,
10,1.8092173,['target'],,,,,,,,,,
10,1.3406274,['target'],,,,,,,,,,
10,2.1579119,['target'],,,,,,,,,,
10,1.9486699,['target'],,,,,,,,,,
10,1.6582309,['target'],,,,,,,,,,
10,1.4917396,['target'],,,,,,,,,,
10,1.7195958,['target'],,,,,,,,,,
10,2.8093956,['target'],,,,,,,,,,
10,1.9084653,['target'],,,,,,,,,,
10,1.5072133,['target'],,,,,,,,,,
10,1.9080277,['target'],,,,,,,,,,
10,1.9752116,['target'],,,,,,,,,,
10,1.5923992,['target'],,,,,,,,,,
10,2.1077404,['target'],,,,,,,,,,
10,1.5754873,['target'],,,,,,,,,,
10,1.7843081,['target'],,,,,,,,,,
10,1.8466028,['target'],,,,,,,,,,
10,1.5086318,['target'],,,,,,,,,,
10,2.6235554,['target'],,,,,,,,,,
10,1.6081474,['target'],,,,,,,,,,
10,1.5646408,['target'],,,,,,,,,,
10,1.6756187,['target'],,,,,,,,,,
10,2.0065638,['target'],,,,,,,,,,
10,1.9590021,['target'],,,,,,,,,,
10,1.6210563,['target'],,,,,,,,,,
10,1.6079876,['target'],,,,,,,,,,
10,1.8083122,['target'],,,,,,,,,,
10,1.7917593,['target'],,,,,,,,,,
10,1.8420092,['target'],,,,,,,,,,
10,1.2239416,['target'],,,,,,,,,,
10,1.7425717,['target'],,,,,,,,,,
10,1.8867026,['target'],,,,,,,,,,
10,1.8569948,['target'],,,,,,,,,,
10,1.9220248,['target'],,,,,,,,,,
10,1.5746986,['target'],,,,,,,,,,
10,1.5330674,['target'],,,,,,,,,,
10,1.6929079,['target'],,,,,,,,,,
10,1.6310312,['target'],,,,,,,,,,
10,1.7596157,['target'],,,,,,,,,,
10,1.7506004,['target'],,,,,,,,,,
10,2.6781051,['target'],,,,,,,,,,
10,1.8701966,['target'],,,,,,,,,,
10,1.6545311,['target'],,,,,,,,,,
10,4.4461932,['target'],,,,,,,,,,
10,1.7143118,['target'],,,,,,,,,,
10,1.8820476,['target'],,,,,,,,,,
10,1.9926848,['target'],,,,,,,,,,
10,1.7247913,['target'],,,,,,,,,,
10,1.572804,['target'],,,,,,,,,,
10,2.1409339,['target'],,,,,,,,,,
10,2.2187939,['target'],,,,,,,,,,
10,1.9331822,['target'],,,,,,,,,,
10,1.836083,['target'],,,,,,,,,,
10,1.5768451,['target'],,,,,,,,,,
10,1.7110923,['target'],,,,,,,,,,
10,1.4233988,['target'],,,,,,,,,,
10,1.4329698,['target'],,,,,,,,,,
10,1.4419521,['target'],,,,,,,,,,
10,1.6676663,['target'],,,,,,,,,,
10,2.0255874,['target'],,,,,,,,,,
10,1.6994641,['target'],,,,,,,,,,
10,2.171688,['target'],,,,,,,,,,
10,1.7042102,['target'],,,,,,,,,,
10,2.3257137,['target'],,,,,,,,,,
10,1.4576106,['target'],,,,,,,,,,
10,2.162841,['target'],,,,,,,,,,
10,1.4302709,['target'],,,,,,,,,,
10,2.618996,['target'],,,,,,,,,,
10,1.7228385,['target'],,,,,,,,,,
10,1.9015354,['target'],,,,,,,,,,
10,2.2315008,['target'],,,,,,,,,,
10,1.3690484,['target'],,,,,,,,,,
10,2.1749332,['target'],,,,,,,,,,
10,1.4502666,['target'],,,,,,,,,,
10,4.9885251,['target'],,,,,,,,,,
10,1.835426,['target'],,,,,,,,,,
10,1.3076988,['target'],,,,,,,,,,
10,1.7163074,['target'],,,,,,,,,,
10,2.3144518,['target'],,,,,,,,,,
10,1.9378985,['target'],,,,,,,,,,
10,3.164442,['target'],,,,,,,,,,
10,1.7800228,['target'],,,,,,,,,,
10,2.1243618,['target'],,,,,,,,,,
10,1.3582397,['target'],,,,,,,,,,
10,2.4531657,['target'],,,,,,,,,,
10,1.8774965,['target'],,,,,,,,,,
10,2.0990328,['target'],,,,,,,,,,
10,1.8745198,['target'],,,,,,,,,,
10,1.518326,['target'],,,,,,,,,,
10,1.792615,['target'],,,,,,,,,,
10,1.616256,['target'],,,,,,,,,,
10,1.7452566,['target'],,,,,,,,,,
10,2.1596821,['target'],,,,,,,,,,
10,2.5730441,['target'],,,,,,,,,,
10,2.3094549,['target'],,,,,,,,,,
10,1.71241,['target'],,,,,,,,,,
10,1.6686335,['target'],,,,,,,,,,
10,1.9893143,['target'],,,,,,,,,,
10,1.8656933,['target'],,,,,,,,,,
10,1.5302821,['target'],,,,,,,,,,
10,0.8937358,[],,,,,,,,,,
10,1.4503012,['target'],,,,,,,,,,
10,1.2789191,['target'],,,,,,,,,,
10,1.8583158,['target'],,,,,,,,,,
10,2.9455688,['target'],,,,,,,,,,
10,2.6714338,['target'],,,,,,,,,,
10,2.4535938,['target'],,,,,,,,,,
10,1.4739859,['target'],,,,,,,,,,
10,2.1412203,['target'],,,,,,,,,,
10,1.6334423,['target'],,,,,,,,,,
10,1.8073552,['target'],,,,,,,,,,
10,1.6622916,['target'],,,,,,,,,,
10,2.2159571,['target'],,,,,,,,,,
10,1.4447609,['target'],,,,,,,,,,
10,1.9616054,['target'],,,,,,,,,,
10,2.045698932,['target'],,,,,,,,,,
10,1.442972747,['target'],,,,,,,,,,
10,1.035186282,['target'],,,,,,,,,,
10,1.115197279,['target'],,,,,,,,,,
10,2.323075162,['target'],,,,,,,,,,
10,1.645770065,['target'],,,,,,,,,,
10,1.779924624,['target'],,,,,,,,,,
10,1.25662805,['target'],,,,,,,,,,
10,1.527817763,['target'],,,,,,,,,,
10,1.886223237,[],,,,,,,,,,
10,1.348332406,['target'],,,,,,,,,,
10,1.366257337,['target'],,,,,,,,,,
10,1.364058938,['target'],,,,,,,,,,
10,1.237749482,['target'],,,,,,,,,,
10,1.234433095,['target'],,,,,,,,,,
10,1.537035047,['target'],,,,,,,,,,
10,1.407059433,['target'],,,,,,,,,,
10,1.122448227,['target'],,,,,,,,,,
10,1.435731911,['target'],,,,,,,,,,
10,1.265258563,['target'],,,,,,,,,,
10,2.330011486,['target'],,,,,,,,,,
10,0.931383421,['target'],,,,,,,,,,
10,1.944627185,['target'],,,,,,,,,,
10,1.31090524,['target'],,,,,,,,,,
10,1.81935557,['target'],,,,,,,,,,
10,2.039833306,['target'],,,,,,,,,,
10,1.659763501,['target'],,,,,,,,,,
10,1.092224695,['target'],,,,,,,,,,
10,1.954272485,['target'],,,,,,,,,,
10,1.209442045,['target'],,,,,,,,,,
10,1.684223174,['target'],,,,,,,,,,
10,2.300814743,['target'],,,,,,,,,,
10,1.80344445,['target'],,,,,,,,,,
10,3.151048007,['target'],,,,,,,,,,
10,1.27284611,['target'],,,,,,,,,,
10,1.44501522,['target'],,,,,,,,,,
10,1.067856157,['target'],,,,,,,,,,
10,1.463034336,['target'],,,,,,,,,,
10,1.851571103,['target'],,,,,,,,,,
10,1.439623389,['target'],,,,,,,,,,
10,2.074253117,['target'],,,,,,,,,,
10,2.35042557,['target'],,,,,,,,,,
10,1.741477135,[],,,,,,,,,,
10,1.516550941,['target'],,,,,,,,,,
10,0.889110843,['target'],,,,,,,,,,
10,2.320594604,[],,,,,,,,,,
10,0.89752057,[],,,,,,,,,,
10,1.412386251,['target'],,,,,,,,,,
10,1.16375271,['target'],,,,,,,,,,
10,2.022704787,['target'],,,,,,,,,,
10,1.072774951,[],,,,,,,,,,
10,1.238702513,['target'],,,,,,,,,,
10,1.694976716,['target'],,,,,,,,,,
10,0.827049066,['target'],,,,,,,,,,
10,1.641938701,['target'],,,,,,,,,,
10,2.044560354,['target'],,,,,,,,,,
10,1.219995941,['target'],,,,,,,,,,
10,1.671029374,['target'],,,,,,,,,,
10,2.00981004,['target'],,,,,,,,,,
10,1.242690481,['target'],,,,,,,,,,
10,1.861955533,['target'],,,,,,,,,,
10,1.666854438,['target'],,,,,,,,,,
10,1.352782888,['target'],,,,,,,,,,
10,2.207793312,['target'],,,,,,,,,,
10,1.603280096,['target'],,,,,,,,,,
10,1.497826832,['target'],,,,,,,,,,
10,1.022802328,['target'],,,,,,,,,,
10,1.542098302,['target'],,,,,,,,,,
10,1.047777043,['target'],,,,,,,,,,
10,1.633091198,['target'],,,,,,,,,,
10,1.284287517,['target'],,,,,,,,,,
10,1.74925763,['target'],,,,,,,,,,
10,1.323027119,['target'],,,,,,,,,,
10,1.861332629,['target'],,,,,,,,,,
10,2.048767447,['target'],,,,,,,,,,
10,1.770537269,['target'],,,,,,,,,,
10,1.429580865,['target'],,,,,,,,,,
10,2.062000185,['target'],,,,,,,,,,
10,1.976873423,['target'],,,,,,,,,,
10,1.735966909,['target'],,,,,,,,,,
10,1.368551639,['target'],,,,,,,,,,
10,2.088806153,['target'],,,,,,,,,,
10,2.138622346,['target'],,,,,,,,,,
10,1.697200836,['target'],,,,,,,,,,
10,1.109550685,['target'],,,,,,,,,,
10,1.628741629,['target'],,,,,,,,,,
10,1.352248905,['target'],,,,,,,,,,
10,1.376534677,['target'],,,,,,,,,,
10,1.760303518,['target'],,,,,,,,,,
10,1.763399176,['target'],,,,,,,,,,
10,2.702802589,['target'],,,,,,,,,,
10,1.973856866,['target'],,,,,,,,,,
10,2.212671738,['target'],,,,,,,,,,
10,1.338562111,['target'],,,,,,,,,,
10,1.403743171,['target'],,,,,,,,,,
10,1.480613224,['target'],,,,,,,,,,
10,1.41164225,['target'],,,,,,,,,,
10,1.210190165,['target'],,,,,,,,,,
10,1.161173845,['target'],,,,,,,,,,
10,0.945452504,['target'],,,,,,,,,,
10,0.88459033,['target'],,,,,,,,,,
10,1.333933904,['target'],,,,,,,,,,
10,2.5594353,['target'],,,,,,,,,,
10,1.3283196,['target'],,,,,,,,,,
10,1.7536277,['target'],,,,,,,,,,
10,1.3929772,['target'],,,,,,,,,,
10,1.4113835,['target'],,,,,,,,,,
10,1.5786718,['target'],,,,,,,,,,
10,1.4114464,['target'],,,,,,,,,,
10,1.6788762,['target'],,,,,,,,,,
10,2.008205,['target'],,,,,,,,,,
10,2.7618687,['target'],,,,,,,,,,
10,1.6599545,['target'],,,,,,,,,,
10,2.8279916,['target'],,,,,,,,,,
10,1.5132055,['target'],,,,,,,,,,
10,1.5564155,['target'],,,,,,,,,,
10,2.4100831,['target'],,,,,,,,,,
10,1.3102689,['target'],,,,,,,,,,
10,1.5621015,['target'],,,,,,,,,,
10,2.0107491,['target'],,,,,,,,,,
10,2.3431254,['target'],,,,,,,,,,
10,1.1944231,['target'],,,,,,,,,,
10,1.2109772,['target'],,,,,,,,,,
10,1.41277,['target'],,,,,,,,,,
10,2.3114311,['target'],,,,,,,,,,
10,1.528258,['target'],,,,,,,,,,
10,1.8617269,['target'],,,,,,,,,,
10,2.0629755,['target'],,,,,,,,,,
10,1.4934944,['target'],,,,,,,,,,
10,1.9125983,['target'],,,,,,,,,,
10,2.0454958,['target'],,,,,,,,,,
10,1.2119825,['target'],,,,,,,,,,
10,1.9621109,['target'],,,,,,,,,,
10,1.4114677,['target'],,,,,,,,,,
10,2.0779655,['target'],,,,,,,,,,
10,1.3780298,['target'],,,,,,,,,,
10,2.0260497,['target'],,,,,,,,,,
10,1.5783334,['target'],,,,,,,,,,
10,1.711117,['target'],,,,,,,,,,
10,2.0294729,['target'],,,,,,,,,,
10,1.6426281,['target'],,,,,,,,,,
10,2.8741811,['target'],,,,,,,,,,
10,1.3956166,['target'],,,,,,,,,,
10,2.3612329,['target'],,,,,,,,,,
10,4.1569278,['target'],,,,,,,,,,
10,1.7941756,['target'],,,,,,,,,,
10,2.0960399,['target'],,,,,,,,,,
10,1.5282586,['target'],,,,,,,,,,
10,1.4123779,['target'],,,,,,,,,,
10,1.3107217,['target'],,,,,,,,,,
10,1.9756767,['target'],,,,,,,,,,
10,2.0943958,['target'],,,,,,,,,,
10,1.1619712,['target'],,,,,,,,,,
10,2.1280514,['target'],,,,,,,,,,
10,1.695385,['target'],,,,,,,,,,
10,1.8231811,['target'],,,,,,,,,,
10,1.5787886,['target'],,,,,,,,,,
10,1.2225985,['target'],,,,,,,,,,
10,1.978181,['target'],,,,,,,,,,
10,1.7946612,['target'],,,,,,,,,,
10,1.3452208,['target'],,,,,,,,,,
10,1.2952807,['target'],,,,,,,,,,
10,2.0620128,['target'],,,,,,,,,,
10,1.9262596,['target'],,,,,,,,,,
10,1.5113929,['target'],,,,,,,,,,
10,2.0289666,['target'],,,,,,,,,,
10,1.406227,['target'],,,,,,,,,,
10,1.2118391,['target'],,,,,,,,,,
10,1.8609217,['target'],,,,,,,,,,
10,1.8445273,['target'],,,,,,,,,,
10,1.4598668,['target'],,,,,,,,,,
10,1.8104079,['target'],,,,,,,,,,
10,1.5936567,['target'],,,,,,,,,,
10,1.7778924,['target'],,,,,,,,,,
10,1.6623674,['target'],,,,,,,,,,
10,2.0109259,['target'],,,,,,,,,,
10,0.9292619,['target'],,,,,,,,,,
10,3.6217426,['target'],,,,,,,,,,
10,1.4129508,['target'],,,,,,,,,,
10,2.2948152,['target'],,,,,,,,,,
10,2.461973,['target'],,,,,,,,,,
10,1.9958102,['target'],,,,,,,,,,
10,2.0109557,['target'],,,,,,,,,,
10,2.3418884,['target'],,,,,,,,,,
10,2.0123348,['target'],,,,,,,,,,
10,2.520008,['target'],,,,,,,,,,
10,2.3784784,['target'],,,,,,,,,,
10,2.2622609,['target'],,,,,,,,,,
10,1.9132224,['target'],,,,,,,,,,
10,1.7218061,['target'],,,,,,,,,,
10,1.5260641,['target'],,,,,,,,,,
10,1.4782878,['target'],,,,,,,,,,
10,1.3260295,['target'],,,,,,,,,,
10,1.6276065,['target'],,,,,,,,,,
10,1.5283268,['target'],,,,,,,,,,
10,2.2754638,['target'],,,,,,,,,,
10,1.8612126,['target'],,,,,,,,,,
10,1.4948659,['target'],,,,,,,,,,
,,,,,,,,,,,,
,,,,,,,,,,,,
,,,,,,,,,,,,
,,,,,,,,,,,,
,,,,,,,,,,,,
,,,,,,,,,,,,
,,,,,,,,,,,,
,,,,,,,,,,,,
,,,,,,,,,,,,
,,,,,,,,,,,,
,,,,,,,,,,,,
,,,,,,,,,,,,
,,,,,,,,,,,,
,,,,,,,,,,,,
,,,,,,,,,,,,
,,,,,,,,,,,,
,,,,,,,,,,,,
,,,,,,,,,,,,
,,,,,,,,,,,,
,,,,,,,,,,,,
,,,,,,,,,,,,
,,,,,,,,,,,,
,,,,,,,,,,,,
,,,,,,,,,,,,
,,,,,,,,,,,,
,,,,,,,,,,,,
,,,,,,,,,,,,
,,,,,,,,,,,,
,,,,,,,,,,,,
,,,,,,,,,,,,
,,,,,,,,,,,,
,,,,,,,,,,,,
,,,,,,,,,,,,
,,,,,,,,,,,,
,,,,,,,,,,,,
,,,,,,,,,,,,
,,,,,,,,,,,,
,,,,,,,,,,,,
,,,,,,,,,,,,
,,,,,,,,,,,,
,,,,,,,,,,,,
,,,,,,,,,,,,
,,,,,,,,,,,,
,,,,,,,,,,,,
,,,,,,,,,,,,
,,,,,,,,,,,,
,,,,,,,,,,,,
,,,,,,,,,,,,
,,,,,,,,,,,,
,,,,,,,,,,,,
,,,,,,,,,,,,
,,,,,,,,,,,,
,,,,,,,,,,,,
,,,,,,,,,,,,
,,,,,,,,,,,,
,,,,,,,,,,,,
,,,,,,,,,,,,
,,,,,,,,,,,,
,,,,,,,,,,,,
,,,,,,,,,,,,
,,,,,,,,,,,,
,,,,,,,,,,,,
,,,,,,,,,,,,
,,,,,,,,,,,,
,,,,,,,,,,,,
,,,,,,,,,,,,
,,,,,,,,,,,,
,,,,,,,,,,,,
,,,,,,,,,,,,
,,,,,,,,,,,,
,,,,,,,,,,,,
,,,,,,,,,,,,
,,,,,,,,,,,,
,,,,,,,,,,,,
,,,,,,,,,,,,
,,,,,,,,,,,,
,,,,,,,,,,,,
,,,,,,,,,,,,
,,,,,,,,,,,,
,,,,,,,,,,,,
,,,,,,,,,,,,
,,,,,,,,,,,,
,,,,,,,,,,,,
,,,,,,,,,,,,
,,,,,,,,,,,,
,,,,,,,,,,,,
,,,,,,,,,,,,
,,,,,,,,,,,,
,,,,,,,,,,,,
,,,,,,,,,,,,
,,,,,,,,,,,,
,,,,,,,,,,,,
,,,,,,,,,,,,
,,,,,,,,,,,,
,,,,,,,,,,,,
,,,,,,,,,,,,
,,,,,,,,,,,,
,,,,,,,,,,,,
,,,,,,,,,,,,
,,,,,,,,,,,,
,,,,,,,,,,,,
,,,,,,,,,,,,
,,,,,,,,,,,,
,,,,,,,,,,,,
,,,,,,,,,,,,
,,,,,,,,,,,,
,,,,,,,,,,,,
,,,,,,,,,,,,
,,,,,,,,,,,,
,,,,,,,,,,,,
,,,,,,,,,,,,
,,,,,,,,,,,,
,,,,,,,,,,,,
,,,,,,,,,,,,
,,,,,,,,,,,,
,,,,,,,,,,,,
,,,,,,,,,,,,
,,,,,,,,,,,,
,,,,,,,,,,,,
,,,,,,,,,,,,
,,,,,,,,,,,,
,,,,,,,,,,,,
,,,,,,,,,,,,
,,,,,,,,,,,,
,,,,,,,,,,,,
,,,,,,,,,,,,
,,,,,,,,,,,,
,,,,,,,,,,,,
,,,,,,,,,,,,
,,,,,,,,,,,,
,,,,,,,,,,,,
,,,,,,,,,,,,
,,,,,,,,,,,,
,,,,,,,,,,,,
,,,,,,,,,,,,
,,,,,,,,,,,,
,,,,,,,,,,,,
,,,,,,,,,,,,
,,,,,,,,,,,,
,,,,,,,,,,,,
,,,,,,,,,,,,
,,,,,,,,,,,,
,,,,,,,,,,,,
,,,,,,,,,,,,
,,,,,,,,,,,,
,,,,,,,,,,,,
,,,,,,,,,,,,
,,,,,,,,,,,,
,,,,,,,,,,,,
,,,,,,,,,,,,
,,,,,,,,,,,,
,,,,,,,,,,,,
,,,,,,,,,,,,
,,,,,,,,,,,,
,,,,,,,,,,,,
,,,,,,,,,,,,
,,,,,,,,,,,,
,,,,,,,,,,,,
,,,,,,,,,,,,
,,,,,,,,,,,,
,,,,,,,,,,,,
,,,,,,,,,,,,
,,,,,,,,,,,,
,,,,,,,,,,,,
,,,,,,,,,,,,
,,,,,,,,,,,,
,,,,,,,,,,,,
,,,,,,,,,,,,
,,,,,,,,,,,,
,,,,,,,,,,,,
,,,,,,,,,,,,
,,,,,,,,,,,,
,,,,,,,,,,,,
,,,,,,,,,,,,
,,,,,,,,,,,,
,,,,,,,,,,,,
,,,,,,,,,,,,
,,,,,,,,,,,,
,,,,,,,,,,,,
,,,,,,,,,,,,
,,,,,,,,,,,,
,,,,,,,,,,,,
,,,,,,,,,,,,
,,,,,,,,,,,,
,,,,,,,,,,,,
,,,,,,,,,,,,
,,,,,,,,,,,,
,,,,,,,,,,,,
,,,,,,,,,,,,
,,,,,,,,,,,,
,,,,,,,,,,,,
,,,,,,,,,,,,
,,,,,,,,,,,,
,,,,,,,,,,,,
,,,,,,,,,,,,
,,,,,,,,,,,,
,,,,,,,,,,,,
,,,,,,,,,,,,
,,,,,,,,,,,,
,,,,,,,,,,,,
,,,,,,,,,,,,
,,,,,,,,,,,,
,,,,,,,,,,,,
,,,,,,,,,,,,
,,,,,,,,,,,,
,,,,,,,,,,,,
,,,,,,,,,,,,
,,,,,,,,,,,,
,,,,,,,,,,,,
,,,,,,,,,,,,
,,,,,,,,,,,,
,,,,,,,,,,,,
,,,,,,,,,,,,
,,,,,,,,,,,,
,,,,,,,,,,,,
,,,,,,,,,,,,
,,,,,,,,,,,,
,,,,,,,,,,,,
,,,,,,,,,,,,
,,,,,,,,,,,,
,,,,,,,,,,,,
,,,,,,,,,,,,
,,,,,,,,,,,,
,,,,,,,,,,,,
,,,,,,,,,,,,
,,,,,,,,,,,,
,,,,,,,,,,,,
,,,,,,,,,,,,
,,,,,,,,,,,,
,,,,,,,,,,,,
,,,,,,,,,,,,
,,,,,,,,,,,,
,,,,,,,,,,,,
,,,,,,,,,,,,
,,,,,,,,,,,,
,,,,,,,,,,,,
,,,,,,,,,,,,
,,,,,,,,,,,,
,,,,,,,,,,,,
,,,,,,,,,,,,
,,,,,,,,,,,,
,,,,,,,,,,,,
,,,,,,,,,,,,
,,,,,,,,,,,,
,,,,,,,,,,,,
,,,,,,,,,,,,
,,,,,,,,,,,,
,,,,,,,,,,,,
,,,,,,,,,,,,
,,,,,,,,,,,,
,,,,,,,,,,,,
,,,,,,,,,,,,
,,,,,,,,,,,,
,,,,,,,,,,,,
,,,,,,,,,,,,
,,,,,,,,,,,,
,,,,,,,,,,,,
,,,,,,,,,,,,
,,,,,,,,,,,,
,,,,,,,,,,,,
,,,,,,,,,,,,
,,,,,,,,,,,,
,,,,,,,,,,,,
,,,,,,,,,,,,
,,,,,,,,,,,,
,,,,,,,,,,,,
,,,,,,,,,,,,
,,,,,,,,,,,,
,,,,,,,,,,,,
,,,,,,,,,,,,
,,,,,,,,,,,,
,,,,,,,,,,,,
,,,,,,,,,,,,
,,,,,,,,,,,,
,,,,,,,,,,,,
,,,,,,,,,,,,
,,,,,,,,,,,,
,,,,,,,,,,,,
,,,,,,,,,,,,
,,,,,,,,,,,,
,,,,,,,,,,,,
,,,,,,,,,,,,
,,,,,,,,,,,,
,,,,,,,,,,,,
,,,,,,,,,,,,
,,,,,,,,,,,,
,,,,,,,,,,,,
,,,,,,,,,,,,
,,,,,,,,,,,,
,,,,,,,,,,,,
,,,,,,,,,,,,
,,,,,,,,,,,,
,,,,,,,,,,,,
,,,,,,,,,,,,
,,,,,,,,,,,,
,,,,,,,,,,,,
,,,,,,,,,,,,
,,,,,,,,,,,,
,,,,,,,,,,,,
,,,,,,,,,,,,
,,,,,,,,,,,,
,,,,,,,,,,,,
,,,,,,,,,,,,
,,,,,,,,,,,,
,,,,,,,,,,,,
,,,,,,,,,,,,
,,,,,,,,,,,,
,,,,,,,,,,,,
,,,,,,,,,,,,
,,,,,,,,,,,,
,,,,,,,,,,,,
,,,,,,,,,,,,
,,,,,,,,,,,,
,,,,,,,,,,,,
,,,,,,,,,,,,
,,,,,,,,,,,,
,,,,,,,,,,,,
,,,,,,,,,,,,
,,,,,,,,,,,,
,,,,,,,,,,,,
,,,,,,,,,,,,
,,,,,,,,,,,,
,,,,,,,,,,,,
,,,,,,,,,,,,
,,,,,,,,,,,,
,,,,,,,,,,,,
,,,,,,,,,,,,
,,,,,,,,,,,,
,,,,,,,,,,,,
,,,,,,,,,,,,
,,,,,,,,,,,,
,,,,,,,,,,,,
,,,,,,,,,,,,
,,,,,,,,,,,,
,,,,,,,,,,,,
,,,,,,,,,,,,
,,,,,,,,,,,,
,,,,,,,,,,,,
,,,,,,,,,,,,
,,,,,,,,,,,,
,,,,,,,,,,,,
,,,,,,,,,,,,
,,,,,,,,,,,,
,,,,,,,,,,,,
,,,,,,,,,,,,
,,,,,,,,,,,,
,,,,,,,,,,,,
,,,,,,,,,,,,
,,,,,,,,,,,,
,,,,,,,,,,,,
,,,,,,,,,,,,
,,,,,,,,,,,,
,,,,,,,,,,,,
,,,,,,,,,,,,
,,,,,,,,,,,,
,,,,,,,,,,,,
,,,,,,,,,,,,
,,,,,,,,,,,,
,,,,,,,,,,,,
,,,,,,,,,,,,
,,,,,,,,,,,,
,,,,,,,,,,,,
,,,,,,,,,,,,
,,,,,,,,,,,,
,,,,,,,,,,,,
,,,,,,,,,,,,
,,,,,,,,,,,,
,,,,,,,,,,,,
,,,,,,,,,,,,
,,,,,,,,,,,,
,,,,,,,,,,,,
,,,,,,,,,,,,
,,,,,,,,,,,,
,,,,,,,,,,,,
,,,,,,,,,,,,
,,,,,,,,,,,,
,,,,,,,,,,,,
,,,,,,,,,,,,
,,,,,,,,,,,,
,,,,,,,,,,,,
,,,,,,,,,,,,
,,,,,,,,,,,,
,,,,,,,,,,,,
,,,,,,,,,,,,
,,,,,,,,,,,,
,,,,,,,,,,,,
,,,,,,,,,,,,
,,,,,,,,,,,,
,,,,,,,,,,,,
,,,,,,,,,,,,
,,,,,,,,,,,,
,,,,,,,,,,,,
,,,,,,,,,,,,
,,,,,,,,,,,,
,,,,,,,,,,,,
,,,,,,,,,,,,
,,,,,,,,,,,,
,,,,,,,,,,,,
,,,,,,,,,,,,
,,,,,,,,,,,,
,,,,,,,,,,,,
,,,,,,,,,,,,
,,,,,,,,,,,,
,,,,,,,,,,,,
,,,,,,,,,,,,
,,,,,,,,,,,,
,,,,,,,,,,,,
,,,,,,,,,,,,
,,,,,,,,,,,,
,,,,,,,,,,,,
,,,,,,,,,,,,
,,,,,,,,,,,,
,,,,,,,,,,,,
,,,,,,,,,,,,
,,,,,,,,,,,,
,,,,,,,,,,,,
,,,,,,,,,,,,
,,,,,,,,,,,,
,,,,,,,,,,,,
,,,,,,,,,,,,
,,,,,,,,,,,,
,,,,,,,,,,,,
,,,,,,,,,,,,
,,,,,,,,,,,,
,,,,,,,,,,,,
,,,,,,,,,,,,
,,,,,,,,,,,,
,,,,,,,,,,,,
,,,,,,,,,,,,
,,,,,,,,,,,,
,,,,,,,,,,,,
,,,,,,,,,,,,
,,,,,,,,,,,,
,,,,,,,,,,,,
,,,,,,,,,,,,
,,,,,,,,,,,,
,,,,,,,,,,,,
,,,,,,,,,,,,
,,,,,,,,,,,,
,,,,,,,,,,,,
,,,,,,,,,,,,
,,,,,,,,,,,,
,,,,,,,,,,,,
,,,,,,,,,,,,
,,,,,,,,,,,,
,,,,,,,,,,,,
,,,,,,,,,,,,
,,,,,,,,,,,,
,,,,,,,,,,,,
,,,,,,,,,,,,
,,,,,,,,,,,,
,,,,,,,,,,,,
,,,,,,,,,,,,
,,,,,,,,,,,,
,,,,,,,,,,,,
,,,,,,,,,,,,
,,,,,,,,,,,,
,,,,,,,,,,,,
,,,,,,,,,,,,
,,,,,,,,,,,,
,,,,,,,,,,,,
,,,,,,,,,,,,
,,,,,,,,,,,,
,,,,,,,,,,,,
,,,,,,,,,,,,
,,,,,,,,,,,,
,,,,,,,,,,,,
,,,,,,,,,,,,
,,,,,,,,,,,,
,,,,,,,,,,,,
,,,,,,,,,,,,
,,,,,,,,,,,,
,,,,,,,,,,,,
,,,,,,,,,,,,
,,,,,,,,,,,,
,,,,,,,,,,,,
,,,,,,,,,,,,
,,,,,,,,,,,,
,,,,,,,,,,,,
,,,,,,,,,,,,
,,,,,,,,,,,,
,,,,,,,,,,,,
,,,,,,,,,,,,
,,,,,,,,,,,,
,,,,,,,,,,,,
,,,,,,,,,,,,
,,,,,,,,,,,,
,,,,,,,,,,,,
,,,,,,,,,,,,
,,,,,,,,,,,,
,,,,,,,,,,,,
,,,,,,,,,,,,
,,,,,,,,,,,,
,,,,,,,,,,,,
,,,,,,,,,,,,
,,,,,,,,,,,,
,,,,,,,,,,,,
,,,,,,,,,,,,
,,,,,,,,,,,,
,,,,,,,,,,,,
,,,,,,,,,,,,
,,,,,,,,,,,,
,,,,,,,,,,,,
,,,,,,,,,,,,
,,,,,,,,,,,,
,,,,,,,,,,,,
,,,,,,,,,,,,
,,,,,,,,,,,,
,,,,,,,,,,,,
,,,,,,,,,,,,
,,,,,,,,,,,,
,,,,,,,,,,,,
,,,,,,,,,,,,
,,,,,,,,,,,,
,,,,,,,,,,,,
,,,,,,,,,,,,
,,,,,,,,,,,,
,,,,,,,,,,,,
,,,,,,,,,,,,
,,,,,,,,,,,,
,,,,,,,,,,,,
,,,,,,,,,,,,
,,,,,,,,,,,,
,,,,,,,,,,,,
,,,,,,,,,,,,
,,,,,,,,,,,,
,,,,,,,,,,,,
,,,,,,,,,,,,
,,,,,,,,,,,,
,,,,,,,,,,,,
,,,,,,,,,,,,
,,,,,,,,,,,,
,,,,,,,,,,,,
,,,,,,,,,,,,
,,,,,,,,,,,,
,,,,,,,,,,,,
,,,,,,,,,,,,
,,,,,,,,,,,,
,,,,,,,,,,,,
,,,,,,,,,,,,
,,,,,,,,,,,,
,,,,,,,,,,,,
,,,,,,,,,,,,
,,,,,,,,,,,,
,,,,,,,,,,,,
,,,,,,,,,,,,
,,,,,,,,,,,,
,,,,,,,,,,,,
,,,,,,,,,,,,
,,,,,,,,,,,,
,,,,,,,,,,,,
,,,,,,,,,,,,
,,,,,,,,,,,,
,,,,,,,,,,,,
,,,,,,,,,,,,
,,,,,,,,,,,,
,,,,,,,,,,,,
,,,,,,,,,,,,
,,,,,,,,,,,,
,,,,,,,,,,,,
,,,,,,,,,,,,
,,,,,,,,,,,,
,,,,,,,,,,,,
,,,,,,,,,,,,
,,,,,,,,,,,,
,,,,,,,,,,,,
,,,,,,,,,,,,
,,,,,,,,,,,,
,,,,,,,,,,,,
,,,,,,,,,,,,
,,,,,,,,,,,,
,,,,,,,,,,,,
,,,,,,,,,,,,
,,,,,,,,,,,,
,,,,,,,,,,,,
,,,,,,,,,,,,
,,,,,,,,,,,,
,,,,,,,,,,,,
,,,,,,,,,,,,
,,,,,,,,,,,,
,,,,,,,,,,,,
,,,,,,,,,,,,
,,,,,,,,,,,,
,,,,,,,,,,,,
,,,,,,,,,,,,
,,,,,,,,,,,,
,,,,,,,,,,,,
,,,,,,,,,,,,
,,,,,,,,,,,,
,,,,,,,,,,,,
,,,,,,,,,,,,
,,,,,,,,,,,,
,,,,,,,,,,,,
,,,,,,,,,,,,
,,,,,,,,,,,,
,,,,,,,,,,,,
,,,,,,,,,,,,
,,,,,,,,,,,,
,,,,,,,,,,,,
,,,,,,,,,,,,
,,,,,,,,,,,,
,,,,,,,,,,,,
,,,,,,,,,,,,
,,,,,,,,,,,,
,,,,,,,,,,,,
,,,,,,,,,,,,
,,,,,,,,,,,,
,,,,,,,,,,,,
,,,,,,,,,,,,
,,,,,,,,,,,,
,,,,,,,,,,,,
,,,,,,,,,,,,
,,,,,,,,,,,,
,,,,,,,,,,,,
,,,,,,,,,,,,
,,,,,,,,,,,,
,,,,,,,,,,,,
,,,,,,,,,,,,
,,,,,,,,,,,,
,,,,,,,,,,,,
,,,,,,,,,,,,
,,,,,,,,,,,,
,,,,,,,,,,,,
,,,,,,,,,,,,
,,,,,,,,,,,,
,,,,,,,,,,,,
,,,,,,,,,,,,
,,,,,,,,,,,,
,,,,,,,,,,,,
,,,,,,,,,,,,
,,,,,,,,,,,,
,,,,,,,,,,,,
,,,,,,,,,,,,
,,,,,,,,,,,,
,,,,,,,,,,,,
,,,,,,,,,,,,
,,,,,,,,,,,,
,,,,,,,,,,,,
,,,,,,,,,,,,
,,,,,,,,,,,,
,,,,,,,,,,,,
,,,,,,,,,,,,
,,,,,,,,,,,,
,,,,,,,,,,,,
,,,,,,,,,,,,
,,,,,,,,,,,,
,,,,,,,,,,,,
,,,,,,,,,,,,
,,,,,,,,,,,,
,,,,,,,,,,,,
,,,,,,,,,,,,
,,,,,,,,,,,,
,,,,,,,,,,,,
,,,,,,,,,,,,
,,,,,,,,,,,,
,,,,,,,,,,,,
,,,,,,,,,,,,
,,,,,,,,,,,,
,,,,,,,,,,,,
,,,,,,,,,,,,
,,,,,,,,,,,,
,,,,,,,,,,,,
,,,,,,,,,,,,
,,,,,,,,,,,,
,,,,,,,,,,,,
,,,,,,,,,,,,
,,,,,,,,,,,,
,,,,,,,,,,,,
,,,,,,,,,,,,
,,,,,,,,,,,,
,,,,,,,,,,,,
,,,,,,,,,,,,
,,,,,,,,,,,,
,,,,,,,,,,,,
,,,,,,,,,,,,
,,,,,,,,,,,,
,,,,,,,,,,,,
,,,,,,,,,,,,
,,,,,,,,,,,,
,,,,,,,,,,,,
,,,,,,,,,,,,
,,,,,,,,,,,,
,,,,,,,,,,,,
,,,,,,,,,,,,
,,,,,,,,,,,,
,,,,,,,,,,,,
,,,,,,,,,,,,
,,,,,,,,,,,,
,,,,,,,,,,,,
,,,,,,,,,,,,
,,,,,,,,,,,,
,,,,,,,,,,,,
,,,,,,,,,,,,
,,,,,,,,,,,,
,,,,,,,,,,,,
,,,,,,,,,,,,
,,,,,,,,,,,,
,,,,,,,,,,,,
,,,,,,,,,,,,
,,,,,,,,,,,,
,,,,,,,,,,,,
,,,,,,,,,,,,
,,,,,,,,,,,,
,,,,,,,,,,,,
,,,,,,,,,,,,
,,,,,,,,,,,,
,,,,,,,,,,,,
,,,,,,,,,,,,
,,,,,,,,,,,,
,,,,,,,,,,,,
,,,,,,,,,,,,
,,,,,,,,,,,,
,,,,,,,,,,,,
,,,,,,,,,,,,
,,,,,,,,,,,,
,,,,,,,,,,,,
,,,,,,,,,,,,
,,,,,,,,,,,,
,,,,,,,,,,,,
,,,,,,,,,,,,
,,,,,,,,,,,,
,,,,,,,,,,,,
,,,,,,,,,,,,
,,,,,,,,,,,,
,,,,,,,,,,,,
,,,,,,,,,,,,
,,,,,,,,,,,,
,,,,,,,,,,,,
,,,,,,,,,,,,
,,,,,,,,,,,,
,,,,,,,,,,,,
,,,,,,,,,,,,
,,,,,,,,,,,,
,,,,,,,,,,,,
,,,,,,,,,,,,
,,,,,,,,,,,,
,,,,,,,,,,,,
,,,,,,,,,,,,
,,,,,,,,,,,,
,,,,,,,,,,,,
,,,,,,,,,,,,
,,,,,,,,,,,,
,,,,,,,,,,,,
,,,,,,,,,,,,
,,,,,,,,,,,,
,,,,,,,,,,,,
,,,,,,,,,,,,
,,,,,,,,,,,,
,,,,,,,,,,,,
,,,,,,,,,,,,
,,,,,,,,,,,,
,,,,,,,,,,,,
,,,,,,,,,,,,
,,,,,,,,,,,,
,,,,,,,,,,,,
,,,,,,,,,,,,
,,,,,,,,,,,,
,,,,,,,,,,,,
,,,,,,,,,,,,
,,,,,,,,,,,,
,,,,,,,,,,,,
,,,,,,,,,,,,
,,,,,,,,,,,,
,,,,,,,,,,,,
,,,,,,,,,,,,
,,,,,,,,,,,,
,,,,,,,,,,,,
,,,,,,,,,,,,
,,,,,,,,,,,,
,,,,,,,,,,,,
,,,,,,,,,,,,
,,,,,,,,,,,,
,,,,,,,,,,,,
,,,,,,,,,,,,
,,,,,,,,,,,,
,,,,,,,,,,,,
,,,,,,,,,,,,
,,,,,,,,,,,,
,,,,,,,,,,,,
,,,,,,,,,,,,
,,,,,,,,,,,,
,,,,,,,,,,,,
,,,,,,,,,,,,
,,,,,,,,,,,,
,,,,,,,,,,,,
,,,,,,,,,,,,
,,,,,,,,,,,,
,,,,,,,,,,,,
,,,,,,,,,,,,
,,,,,,,,,,,,
,,,,,,,,,,,,
,,,,,,,,,,,,
,,,,,,,,,,,,
,,,,,,,,,,,,
,,,,,,,,,,,,
,,,,,,,,,,,,
,,,,,,,,,,,,
,,,,,,,,,,,,
,,,,,,,,,,,,
